Metric,Value
Total_Revenue,262112.83000000002
Total_Orders,2997.0
Total_Customers,499.0
Avg_Order_Value,87.44530196863529
Churn_Rate,2.004008016032064
